Total Sales Revenue,Total Refunds,Net Revenue
8911407.904,-611342.0900000001,8300065.813999999
